Sample,Time_s,Gain,OldValue,NewValue,Description
1,0.0002092,Kp,2,0.4,Kp: 2.000 → 0.400
1,0.0002092,Ki,1,0.401,Ki: 1.000 → 0.401
1,0.0002092,Kd,10,0.8,Kd: 10.000 → 0.800
